Shape,Particle_Size_nm,Surface_Area_m2_g,Bandgap_eV,Oxygen_Vacancy,Light_Intensity_mW_cm2,Activity
Sphere,358.1,2.44,2.15,0.578,116.4,0.001
Cube,282.0,3.95,2.082,0.147,91.1,0.1278
Sphere,175.5,5.3,2.072,0.811,90.2,0.2632
Sphere,412.5,2.22,2.021,0.636,138.5,0.001
Sphere,351.8,2.99,2.104,0.388,139.6,0.001
Cube,106.4,10.54,2.182,0.674,140.9,0.1972
Sphere,458.1,2.33,2.111,0.26,81.4,0.001
Sphere,416.6,2.47,2.099,0.345,119.1,0.001
Sphere,476.4,2.16,2.113,0.917,77.2,0.001
Cube,371.1,2.81,2.1,0.291,69.1,0.0725
Sphere,318.3,3.26,2.067,0.47,68.5,0.001
Sphere,226.6,4.48,2.133,0.89,84.2,0.0801
Sphere,468.4,2.15,2.109,0.708,93.0,0.001
Sphere,437.1,2.28,2.101,0.062,133.1,0.001
Cube,51.3,18.78,2.061,0.147,62.0,0.0482
Sphere,42.4,23.26,2.152,0.008,123.5,0.04
Cube,206.9,4.42,2.127,0.631,103.1,0.1987
Cube,411.0,2.42,2.078,0.448,78.8,0.0633
Cube,494.0,1.92,2.14,0.134,99.3,0.0293
Sphere,100.7,9.38,2.08,0.958,80.0,0.184
Cube,309.2,3.26,2.069,0.53,109.6,0.1651
Sphere,209.0,5.12,2.07,0.242,93.4,0.1319
Cube,485.9,2.15,2.029,0.501,66.4,0.0168
Cube,425.8,2.16,2.119,0.68,61.7,0.0454
Cube,424.0,2.24,2.027,0.076,104.7,0.0598
Cube,250.3,4.18,2.051,0.275,140.2,0.2443
Cube,225.0,4.23,2.017,0.807,84.4,0.1226
Cube,158.5,6.24,2.097,0.46,123.3,0.1345
Cube,56.5,18.19,2.094,0.547,115.9,0.1202
Cube,436.4,2.18,2.087,0.433,143.2,0.0873
Sphere,412.1,2.44,2.058,0.044,132.1,0.001
Sphere,499.9,1.87,2.053,0.166,106.7,0.001
Cube,498.4,1.95,2.119,0.446,115.7,0.0445
Cube,291.1,3.49,2.078,0.209,139.8,0.1946
Cube,391.4,2.35,2.113,0.05,90.0,0.0782
Sphere,474.0,2.16,2.065,0.844,82.7,0.001
Cube,429.3,2.33,2.107,0.981,51.1,0.0282
Sphere,146.3,7.03,2.152,0.793,132.7,0.4737
Sphere,241.8,4.18,2.123,0.854,130.1,0.0652
Sphere,90.7,11.78,2.084,0.242,60.4,0.1056
Sphere,478.4,2.1,2.11,0.961,107.7,0.001
Sphere,314.9,3.11,2.09,0.197,96.4,0.001
Cube,137.5,7.32,2.1,0.951,61.9,0.0999
Cube,345.7,2.97,2.087,0.995,148.1,0.1684
Cube,320.5,3.13,2.093,0.712,71.5,0.1058
Cube,198.3,5.05,2.108,0.981,56.7,0.0851
Cube,83.4,11.57,2.06,0.57,109.5,0.102
Sphere,345.6,2.8,2.059,0.26,123.9,0.001
Cube,274.5,3.39,2.044,0.437,53.2,0.0845
Cube,393.0,2.77,2.036,0.594,115.9,0.0961
Sphere,274.5,3.42,2.051,0.073,103.2,0.0079
Cube,430.5,2.24,2.106,0.622,60.3,0.0364
Sphere,289.4,3.33,2.064,0.981,67.3,0.0029
Cube,293.6,3.56,2.121,0.19,106.8,0.1274
Sphere,442.0,2.23,2.101,0.793,79.6,0.001
Cube,219.6,4.84,2.021,0.908,143.8,0.2577
Cube,93.0,10.39,2.126,0.944,131.9,0.2014
Sphere,43.5,23.29,2.132,0.96,148.4,0.0606
Sphere,384.9,2.49,2.06,0.521,76.0,0.001
Sphere,321.5,3.44,2.117,0.977,147.0,0.001
Sphere,360.9,2.61,2.066,0.757,93.1,0.001
Sphere,130.1,7.81,2.104,0.162,84.8,0.2509
Sphere,94.1,10.96,2.049,0.477,55.0,0.1124
Sphere,36.8,27.71,2.028,0.718,55.3,0.0153
Sphere,194.8,5.09,2.085,0.247,119.2,0.272
Cube,307.3,3.23,2.095,0.641,95.8,0.129
Cube,214.4,4.68,2.084,0.667,72.7,0.1369
Sphere,235.6,4.21,2.053,0.163,111.4,0.0613
Cube,455.0,2.3,2.084,0.565,75.3,0.0374
Cube,193.7,5.73,2.111,0.772,107.8,0.1894
Cube,271.6,3.58,2.098,0.499,85.9,0.1269
Cube,398.3,2.34,2.107,0.012,132.4,0.1009
Sphere,216.4,4.6,2.073,0.009,132.1,0.1434
Cube,322.4,3.5,2.147,0.357,97.7,0.1272
Sphere,435.3,2.2,2.053,0.926,85.1,0.001
Cube,476.3,2.27,2.12,0.229,86.3,0.035
Cube,99.1,10.93,2.147,0.634,130.6,0.1821
Cube,465.5,2.09,2.119,0.222,82.8,0.0313
Sphere,261.3,3.94,2.092,0.322,70.9,0.015
Cube,151.4,7.14,2.079,0.848,58.5,0.086
Sphere,245.8,3.99,2.141,0.729,96.7,0.0428
Cube,490.6,2.02,2.043,0.095,98.2,0.0309
Sphere,261.5,3.71,2.061,0.429,134.1,0.0208
Cube,184.5,5.14,2.084,0.029,72.1,0.1122
Sphere,327.7,2.95,2.15,0.481,88.1,0.001
Sphere,142.9,6.57,2.115,0.662,130.8,0.4458
Cube,65.7,15.26,2.061,0.119,132.4,0.1454
Sphere,90.6,10.62,2.088,0.289,88.5,0.1516
Cube,90.2,11.22,2.075,0.398,95.9,0.1056
Cube,101.4,9.1,2.072,0.92,80.3,0.1122
Cube,95.2,10.67,2.139,0.993,143.3,0.2061
Cube,331.2,3.15,2.045,0.045,61.9,0.0691
Cube,115.5,7.8,2.164,0.761,143.4,0.2189
Cube,192.5,5.29,2.133,0.372,118.4,0.2045
Cube,451.5,2.35,2.144,0.392,103.2,0.0398
Cube,252.8,3.72,2.081,0.754,53.3,0.088
Cube,343.8,3.15,2.094,0.918,97.6,0.1199
Cube,111.0,9.2,2.043,0.951,90.8,0.1335
Cube,120.4,8.01,2.079,0.577,66.1,0.0698
Sphere,49.2,20.27,2.12,0.357,115.6,0.0714
Sphere,109.4,9.4,2.152,0.788,147.1,0.4294
Cube,160.9,6.24,2.056,0.251,106.2,0.1618
Cube,113.2,9.07,2.085,0.564,121.5,0.1888
Cube,71.7,13.31,2.094,0.359,56.8,0.0755
Cube,86.7,11.63,2.044,0.657,91.8,0.1181
Cube,246.6,3.77,2.124,0.24,61.6,0.1078
Cube,127.0,7.83,2.071,0.192,111.3,0.1533
Cube,201.2,4.75,2.092,0.918,143.8,0.2622
Cube,266.6,3.61,2.082,0.102,116.2,0.1667
Sphere,354.5,3.0,2.068,0.506,57.7,0.001
Cube,48.5,21.75,2.1,0.221,85.5,0.0715
Sphere,405.7,2.54,2.091,0.039,105.1,0.001
Cube,325.1,2.91,2.085,0.036,90.3,0.109
Cube,68.4,14.38,2.071,0.175,133.4,0.1116
Sphere,440.6,2.41,2.113,0.867,131.5,0.001
Cube,462.8,2.18,2.166,0.282,111.2,0.0458
Sphere,58.7,19.01,2.106,0.95,87.3,0.0704
Cube,160.1,6.37,2.14,0.582,75.5,0.1147
Cube,408.9,2.47,2.044,0.437,60.6,0.0575
Sphere,381.7,2.58,2.106,0.58,85.5,0.001
Cube,116.7,8.62,2.056,0.517,91.3,0.109
Sphere,128.4,7.73,2.041,0.759,117.6,0.4049
Cube,204.1,5.07,2.07,0.282,115.8,0.1776
Sphere,257.7,4.07,2.148,0.353,57.0,0.0115
Sphere,320.6,3.0,2.138,0.894,89.5,0.001
Cube,203.4,4.59,2.11,0.946,68.2,0.1322
Cube,247.4,3.67,2.039,0.893,65.7,0.1045
Sphere,381.3,2.69,2.092,0.419,132.7,0.001
Cube,47.2,20.0,2.112,0.78,54.2,0.0586
Cube,148.6,6.0,2.107,0.476,91.9,0.1632
Cube,365.3,2.79,2.026,0.498,66.8,0.0597
Sphere,450.7,2.5,2.064,0.205,137.9,0.001
Sphere,270.5,3.7,2.097,0.591,105.7,0.0143
Sphere,280.1,3.72,2.121,0.186,73.1,0.0048
Sphere,80.4,12.49,2.012,0.332,100.2,0.117
Sphere,240.3,4.14,2.094,0.855,123.1,0.0788
Sphere,280.3,3.73,2.106,0.207,145.8,0.0102
Sphere,144.0,6.85,2.134,0.071,72.0,0.2497
Sphere,156.5,6.47,2.128,0.069,138.6,0.4052
Sphere,207.3,4.9,2.123,0.941,143.4,0.2119
Cube,39.4,24.51,2.068,0.507,141.6,0.1165
Sphere,181.4,5.79,2.024,0.409,113.5,0.273
Cube,129.4,7.66,2.084,0.811,113.0,0.1564
Cube,183.9,5.23,2.14,0.836,90.3,0.158
Cube,86.3,11.9,2.156,0.332,125.2,0.1159
Sphere,448.5,2.13,2.128,0.694,103.1,0.001
Sphere,309.0,3.24,2.117,0.771,117.7,0.0015
Sphere,349.2,2.86,2.115,0.655,92.8,0.001
Sphere,400.9,2.63,2.078,0.152,123.1,0.001
Cube,264.3,3.87,2.095,0.876,132.4,0.2084
Sphere,70.9,14.1,2.167,0.539,64.6,0.0607
Sphere,282.4,3.69,2.062,0.282,133.3,0.0077
Sphere,305.8,3.5,2.165,0.425,104.0,0.0015
Sphere,380.4,2.7,2.087,0.038,134.5,0.001
Sphere,232.9,4.3,2.153,0.128,93.1,0.0547
Cube,90.0,10.39,2.044,0.766,87.9,0.0955
Sphere,163.4,5.79,2.123,0.0,141.5,0.4385
Cube,200.6,4.91,2.071,0.417,75.1,0.1152
Sphere,333.6,2.91,2.043,0.523,134.4,0.001
Cube,298.3,3.32,2.109,0.055,98.4,0.1524
Sphere,197.4,5.08,2.14,0.973,101.4,0.2331
Sphere,493.7,2.08,2.066,0.226,80.8,0.001
Cube,314.7,3.17,2.04,0.304,107.3,0.1193
Cube,141.5,7.24,2.096,0.304,82.5,0.1247
Cube,77.8,12.89,2.097,0.23,53.9,0.0651
Sphere,101.8,8.85,2.122,0.001,77.2,0.1622
Cube,145.6,6.55,2.138,0.729,50.6,0.0911
Sphere,105.5,9.41,2.098,0.967,147.8,0.4671
Sphere,117.7,7.98,2.174,0.224,146.6,0.457
Cube,164.0,6.28,2.109,0.663,89.5,0.1548
Cube,111.5,9.66,2.086,0.742,122.8,0.1852
Sphere,451.5,2.35,2.036,0.848,84.6,0.001
Sphere,67.7,14.61,2.089,0.423,117.1,0.1211
Cube,276.5,3.89,2.087,0.303,130.5,0.19
Cube,222.9,4.52,2.138,0.325,144.7,0.2257
Cube,491.7,2.0,2.118,0.713,90.0,0.0316
Sphere,82.7,11.73,2.053,0.817,128.3,0.1793
Sphere,217.0,4.54,2.107,0.182,76.6,0.0846
Sphere,485.7,2.02,2.127,0.371,149.0,0.001
Sphere,436.8,2.31,2.161,0.902,52.6,0.001
Sphere,414.0,2.43,2.136,0.807,110.4,0.001
Sphere,151.2,6.61,2.13,0.985,116.0,0.4937
Cube,110.3,9.26,2.102,0.754,118.8,0.1613
Sphere,344.3,3.08,2.116,0.393,62.0,0.001
Sphere,466.8,2.24,2.15,0.591,143.9,0.001
Sphere,291.7,3.17,2.047,0.661,68.1,0.0028
Cube,298.7,2.92,2.086,0.078,112.3,0.1688
Sphere,161.6,6.48,2.069,0.544,72.3,0.2095
Sphere,391.7,2.38,2.115,0.709,80.7,0.001
Cube,117.9,8.39,2.149,0.167,104.6,0.1305
Sphere,182.1,5.17,2.076,0.781,91.7,0.2583
Sphere,230.0,3.96,2.004,0.584,66.0,0.0414
Sphere,268.6,3.82,2.084,0.952,67.1,0.0118
Sphere,143.9,7.21,2.137,0.042,91.8,0.3275
Sphere,84.0,11.57,2.122,0.265,125.7,0.1799
Cube,317.0,2.75,2.117,0.602,139.8,0.1698
Cube,165.7,5.87,2.089,0.297,58.4,0.0884
Cube,303.2,3.36,2.049,0.714,89.3,0.136
Sphere,102.6,9.03,2.121,0.759,60.0,0.1566
Sphere,256.1,3.94,2.067,0.103,51.7,0.0137
Sphere,280.3,3.56,2.187,0.514,116.2,0.008
Cube,54.4,18.93,2.123,0.509,110.2,0.1185
Sphere,188.2,5.35,2.077,0.369,66.3,0.1601
Sphere,93.2,10.21,2.076,0.933,73.4,0.137
Cube,59.8,17.73,2.096,0.828,52.4,0.0557
Sphere,495.3,2.0,2.09,0.697,133.5,0.001
Cube,181.5,5.5,2.145,0.714,147.5,0.2491
Cube,410.6,2.32,2.107,0.462,63.5,0.0502
Cube,149.7,6.53,2.071,0.921,73.1,0.1184
Sphere,350.3,2.73,2.176,0.695,136.8,0.001
Sphere,387.3,2.56,2.102,0.729,142.6,0.001
Sphere,310.0,3.5,2.131,0.862,92.0,0.0011
Sphere,251.6,3.7,2.076,0.274,55.1,0.0155
Sphere,223.6,4.11,2.115,0.807,53.9,0.0534
Sphere,194.0,5.53,2.112,0.195,107.4,0.1977
Sphere,466.9,2.12,2.024,0.345,89.3,0.001
Cube,420.4,2.3,2.181,0.336,52.9,0.0313
Sphere,483.6,2.18,2.152,0.979,108.3,0.001
Cube,88.4,10.97,2.084,0.857,51.1,0.0762
Sphere,373.5,2.92,2.056,0.701,128.7,0.001
Sphere,471.0,2.2,2.114,0.727,80.6,0.001
Sphere,115.2,8.47,2.103,0.562,54.0,0.1286
Cube,61.3,18.09,2.114,0.947,108.8,0.1034
Cube,378.3,2.56,2.108,0.496,89.8,0.0753
Cube,300.0,3.46,2.12,0.381,147.4,0.2413
Cube,425.7,2.38,2.158,0.163,104.4,0.0626
Sphere,95.7,11.13,2.123,0.786,77.5,0.18
Cube,403.8,2.67,2.058,0.734,120.9,0.0767
Sphere,124.8,8.03,2.155,0.384,77.1,0.2094
Sphere,106.9,9.0,2.166,0.025,140.4,0.3449
Cube,107.2,9.54,2.226,0.839,87.5,0.0976
Cube,412.9,2.34,2.055,0.011,105.0,0.068
Cube,342.6,3.21,2.11,0.704,55.1,0.0734
Cube,275.8,3.65,2.017,0.97,92.6,0.1673
Cube,198.7,4.94,2.122,0.438,133.2,0.2195
Cube,442.3,2.28,2.078,0.235,130.6,0.0706
Cube,214.4,4.35,2.177,0.705,72.4,0.1205
Cube,413.8,2.3,2.069,0.817,72.6,0.0693
Sphere,236.4,4.48,2.032,0.546,131.7,0.0592
Cube,207.2,4.67,2.081,0.967,143.0,0.2844
Cube,247.5,3.83,2.021,0.052,59.5,0.0828
Sphere,171.6,5.98,2.13,0.505,95.0,0.3064
Cube,381.4,2.78,2.017,0.718,83.7,0.0696
Sphere,266.3,3.89,2.101,0.863,137.1,0.0227
Sphere,139.1,7.54,2.017,0.179,58.4,0.1884
Cube,452.8,2.12,2.087,0.8,71.1,0.0502
Sphere,210.4,4.41,2.166,0.553,125.2,0.1844
Sphere,285.5,3.77,2.114,0.397,55.1,0.0026
Sphere,456.0,2.16,2.065,0.132,99.3,0.001
Sphere,323.4,3.05,2.099,0.865,94.2,0.001
Cube,84.9,12.55,2.101,0.157,83.4,0.0768
Sphere,471.7,2.18,2.119,0.31,89.5,0.001
Cube,325.0,3.15,2.045,0.29,103.0,0.1353
Sphere,187.4,5.91,2.124,0.871,66.1,0.1497
Sphere,95.5,10.14,1.992,0.673,107.2,0.2146
Sphere,403.2,2.6,2.075,0.797,130.5,0.001
Sphere,321.4,3.12,2.08,0.25,126.0,0.001
Cube,280.7,3.61,2.125,0.625,65.4,0.1028
Cube,450.1,2.39,2.101,0.572,64.9,0.0401
Sphere,400.6,2.56,2.044,0.833,76.8,0.001
Sphere,101.3,10.14,2.061,0.906,86.1,0.2163
Cube,176.5,5.97,2.108,0.012,90.8,0.135
Sphere,146.8,6.69,2.097,0.674,118.0,0.4407
Sphere,379.7,2.52,2.077,0.052,55.7,0.001
Sphere,45.8,20.71,2.081,0.549,53.5,0.0186
Cube,297.8,3.03,2.128,0.288,89.2,0.1522
Cube,388.4,2.84,2.079,0.307,119.7,0.1055
Cube,442.1,2.14,2.096,0.353,69.3,0.04
Sphere,190.8,5.18,2.187,0.621,114.2,0.2366
Sphere,416.0,2.37,2.043,0.334,76.0,0.001
Cube,82.0,12.38,2.026,0.733,138.6,0.153
Cube,427.8,2.43,2.131,0.405,139.6,0.074
Cube,89.9,11.6,2.073,0.068,79.7,0.1096
Cube,216.7,4.48,2.087,0.784,73.0,0.1159
Sphere,404.7,2.45,2.069,0.286,91.1,0.001
Cube,100.5,10.09,2.09,0.433,74.1,0.0906
Sphere,137.7,7.17,2.164,0.685,117.2,0.4567
Cube,369.5,2.92,2.132,0.332,132.6,0.1312
Sphere,368.4,2.78,2.134,0.057,117.3,0.001
Cube,331.3,3.13,2.043,0.374,132.4,0.1791
Cube,356.2,2.9,2.054,0.944,89.7,0.1134
Cube,285.1,3.71,1.986,0.642,65.6,0.089
Cube,148.3,6.8,2.068,0.671,123.8,0.211
Sphere,192.5,4.86,2.138,0.632,86.0,0.2375
Cube,115.4,8.84,2.121,0.199,117.1,0.1865
Sphere,457.0,2.12,2.091,0.418,77.1,0.001
Sphere,304.2,3.2,2.099,0.751,58.1,0.0011
Sphere,218.4,4.71,2.072,0.101,149.3,0.1619
Sphere,247.1,4.3,2.108,0.278,65.6,0.0256
Cube,475.2,2.11,2.131,0.276,148.8,0.047
Sphere,102.1,9.95,2.035,0.432,147.7,0.3264
Sphere,305.5,3.55,2.112,0.98,129.4,0.0019
Sphere,267.8,3.78,2.137,0.068,115.9,0.0163
Cube,317.4,3.56,2.083,0.519,107.8,0.1645
Cube,38.5,26.7,2.128,0.179,136.6,0.0885
Cube,439.9,2.07,2.213,0.971,78.9,0.0403
Cube,468.1,2.22,2.096,0.113,96.8,0.0435
Sphere,295.6,3.45,2.116,0.404,111.9,0.0031
Sphere,357.4,2.98,2.07,0.738,91.1,0.001
Cube,463.6,2.23,2.107,0.705,92.7,0.0455
Sphere,362.4,2.74,2.118,0.423,83.0,0.001
Sphere,101.7,9.23,2.108,0.347,106.4,0.2424
Sphere,300.9,3.29,2.059,0.398,135.1,0.0023
Cube,315.2,3.04,2.108,0.264,70.2,0.083
Cube,229.3,4.23,2.158,0.205,143.4,0.2372
Sphere,376.1,2.74,2.118,0.483,118.9,0.001
Cube,469.2,2.31,2.138,0.269,132.3,0.0526
Cube,465.0,2.19,2.091,0.287,105.6,0.0437
Cube,241.9,3.89,2.13,0.657,128.0,0.2141
Cube,83.2,12.28,2.111,0.969,51.6,0.0731
Cube,492.9,2.15,2.062,0.604,131.8,0.0416
Sphere,424.3,2.29,2.113,0.077,54.0,0.001
Cube,88.6,11.21,2.06,0.076,139.0,0.1642
Sphere,462.8,2.16,2.075,0.951,149.2,0.001
Sphere,438.9,2.19,2.108,0.297,79.4,0.001
Cube,273.9,3.77,2.112,0.092,71.0,0.1222
Sphere,307.9,3.23,2.052,0.599,126.5,0.0016
Sphere,217.5,4.69,2.142,0.624,75.3,0.0903
Sphere,55.7,17.14,2.123,0.649,136.6,0.0806
Cube,187.5,5.22,2.072,0.267,60.3,0.0948
Cube,407.3,2.54,2.038,0.015,62.6,0.0445
Sphere,32.2,30.5,2.094,0.965,147.9,0.0322
Cube,186.7,5.82,2.082,0.251,117.4,0.193
Cube,217.1,4.51,2.105,0.676,134.7,0.2424
Cube,282.6,3.58,2.085,0.707,82.4,0.1341
Cube,462.3,2.26,2.02,0.61,117.6,0.0554
Sphere,192.8,4.82,2.084,0.313,109.4,0.2405
Sphere,193.1,4.72,2.088,0.271,110.3,0.266
Cube,376.6,2.45,2.125,0.598,118.3,0.1058
Cube,242.5,4.38,2.072,0.866,107.5,0.1953
Sphere,135.6,7.17,2.167,0.947,92.9,0.3333
Sphere,242.6,4.65,2.024,0.106,77.6,0.0276
Cube,96.2,10.1,2.152,0.155,126.9,0.1587
Sphere,112.9,8.94,2.091,0.945,72.6,0.279
Cube,264.2,4.08,2.134,0.737,119.2,0.2001
Cube,226.9,4.85,2.103,0.883,73.3,0.1419
Sphere,460.0,2.4,2.146,0.203,112.5,0.001
Sphere,200.3,5.29,2.085,0.588,124.7,0.2195
Cube,302.9,3.47,2.056,0.701,71.9,0.0866
Cube,327.2,3.15,2.157,0.68,56.0,0.0675
Sphere,36.2,28.74,2.095,0.408,63.1,0.0153
Cube,341.9,2.84,2.109,0.015,110.6,0.1442
Sphere,113.7,8.44,2.149,0.583,134.9,0.3806
Cube,481.7,2.08,2.059,0.253,54.5,0.0183
Sphere,99.9,9.93,2.124,0.45,123.4,0.3076
Sphere,224.9,4.35,2.076,0.958,84.1,0.074
Sphere,70.1,14.76,2.095,0.399,97.9,0.0964
Cube,498.5,2.1,2.103,0.84,142.9,0.0467
Cube,266.0,3.78,2.04,0.189,83.2,0.1338
Sphere,309.8,3.47,2.069,0.672,96.5,0.0011
Cube,61.5,15.33,2.154,0.977,51.4,0.0567
Sphere,382.5,2.59,2.135,0.102,58.2,0.001
Sphere,128.7,7.49,2.097,0.008,75.9,0.2441
Cube,452.1,2.01,2.11,0.434,52.8,0.0274
Cube,126.4,7.88,2.088,0.093,113.1,0.1365
Sphere,119.6,8.31,2.154,0.748,92.6,0.2915
Cube,47.2,22.8,2.092,0.915,104.8,0.0942
Cube,251.9,4.1,2.109,0.434,67.5,0.1126
Sphere,295.5,3.21,2.146,0.259,79.6,0.002
Sphere,60.9,17.95,2.069,0.434,116.4,0.113
Cube,394.5,2.69,2.162,0.723,146.5,0.1236
Sphere,243.0,4.23,2.039,0.009,55.0,0.0188
Sphere,276.5,3.58,2.165,0.589,139.0,0.0118
Cube,237.2,4.01,2.085,0.613,107.7,0.197
Sphere,218.4,4.49,2.09,0.638,106.4,0.145
Sphere,293.0,3.6,2.024,0.242,100.0,0.0027
Cube,103.0,10.63,2.082,0.714,56.9,0.0651
Cube,115.5,9.33,2.058,0.091,59.0,0.0801
Sphere,435.0,2.24,2.076,0.199,110.1,0.001
Sphere,474.7,1.99,2.095,0.877,84.1,0.001
Cube,205.5,4.9,2.138,0.739,141.7,0.2428
Cube,157.2,5.8,2.108,0.014,90.7,0.1316
Cube,332.7,3.05,2.112,0.248,64.3,0.084
Cube,222.1,4.47,2.056,0.214,121.5,0.1798
Sphere,41.9,23.29,2.065,0.271,79.3,0.0271
Cube,103.4,8.9,2.172,0.248,102.5,0.1187
Cube,366.5,2.8,2.071,0.063,119.8,0.1165
Sphere,339.7,2.87,2.166,0.459,140.0,0.001
Cube,42.7,22.03,2.09,0.733,129.2,0.1273
Sphere,134.3,6.38,2.1,0.607,117.6,0.4565
Cube,138.6,7.2,2.143,0.673,118.0,0.187
Cube,345.8,3.15,2.151,0.081,144.6,0.1606
Cube,39.3,27.58,2.096,0.951,79.6,0.064
Sphere,78.9,12.38,2.084,0.838,50.1,0.0755
Sphere,406.0,2.39,2.098,0.805,77.2,0.001
Cube,113.9,8.98,2.114,0.823,71.8,0.1124
Sphere,336.8,2.82,2.136,0.933,116.2,0.001
Sphere,141.9,7.15,2.1,0.544,113.4,0.3832
Sphere,76.7,13.53,2.125,0.2,109.3,0.1285
Sphere,144.3,7.36,2.166,0.617,51.6,0.1869
Sphere,369.5,2.69,2.115,0.743,122.9,0.001
Sphere,432.2,2.29,2.112,0.738,82.4,0.001
Cube,420.2,2.28,2.039,0.521,116.5,0.0842
Cube,216.7,4.42,1.995,0.068,105.7,0.142
Sphere,344.0,2.87,2.116,0.371,84.3,0.001
Cube,126.3,8.06,2.096,0.921,63.5,0.0973
Cube,167.8,6.23,2.079,0.584,59.4,0.106
Cube,451.3,2.13,2.11,0.538,133.2,0.0718
Cube,36.1,29.76,2.098,0.269,141.8,0.1439
Sphere,70.2,14.05,2.145,0.368,115.0,0.1085
Cube,127.7,7.82,2.103,0.895,60.3,0.0995
Cube,42.5,22.67,2.07,0.666,90.2,0.0786
Sphere,115.3,7.62,2.14,0.787,122.9,0.3435
Sphere,304.0,3.43,2.091,0.454,128.0,0.0021
Cube,228.1,4.55,2.121,0.63,61.8,0.1097
Cube,449.6,2.19,2.081,0.248,50.0,0.0324
Cube,414.2,2.42,2.074,0.705,121.2,0.0899
Cube,190.7,5.38,2.103,0.428,85.7,0.1278
Cube,151.9,6.07,2.101,0.443,75.4,0.1214
Cube,208.5,4.67,2.119,0.649,51.3,0.0716
Sphere,307.4,3.38,2.089,0.936,104.0,0.0014
Cube,156.0,6.01,2.027,0.064,135.1,0.1833
Cube,323.3,3.14,2.083,0.825,145.8,0.2228
Sphere,222.4,4.19,2.132,0.292,106.6,0.111
Sphere,289.5,3.54,2.088,0.444,101.4,0.004
Sphere,235.0,4.25,2.09,0.022,58.5,0.0336
Sphere,168.4,5.46,2.139,0.301,104.9,0.2918
Cube,475.8,2.22,2.072,0.503,88.0,0.0308
Cube,388.9,2.48,2.038,0.056,110.7,0.0892
Cube,95.9,10.01,2.094,0.491,88.9,0.0981
Cube,438.2,2.31,2.081,0.927,74.0,0.045
Cube,259.1,4.08,2.061,0.105,59.5,0.0806
Cube,450.4,2.11,2.093,0.764,81.5,0.0472
Sphere,405.9,2.47,2.12,0.41,59.7,0.001
Cube,229.9,4.44,2.1,0.655,67.7,0.1041
Sphere,40.6,25.51,2.112,0.26,148.7,0.0406
Sphere,156.3,6.46,2.173,0.159,94.4,0.282
Cube,284.6,3.45,2.086,0.16,103.2,0.1506
Sphere,327.7,2.92,2.111,0.07,137.4,0.001
Cube,151.2,6.64,2.08,0.186,149.6,0.2115
Sphere,95.5,9.91,2.066,0.664,108.3,0.229
Cube,422.4,2.02,2.077,0.882,131.2,0.0988
Sphere,492.7,2.07,2.081,0.814,82.7,0.001
Cube,277.1,3.77,2.114,0.685,80.6,0.1063
Cube,110.7,7.97,2.194,0.11,90.3,0.0955
Cube,158.0,6.01,2.071,0.289,117.3,0.1829
Cube,38.6,26.68,2.083,0.31,118.2,0.0908
Cube,459.7,2.4,2.097,0.25,81.5,0.0435
Sphere,85.3,11.73,2.116,0.515,63.3,0.0997
Sphere,301.0,3.2,2.111,0.536,113.2,0.0023
Sphere,158.8,6.24,2.151,0.357,62.8,0.2143
Cube,290.5,3.68,2.003,0.354,107.8,0.1297
Sphere,336.2,2.88,2.005,0.829,119.3,0.001
Cube,420.0,2.29,2.08,0.789,120.1,0.0841
Cube,127.0,7.68,2.144,0.308,125.3,0.189
Sphere,35.2,27.08,2.037,0.914,137.3,0.0368
Sphere,94.3,10.67,1.98,0.953,100.0,0.1613
Cube,453.0,2.39,2.123,0.327,123.0,0.0659
Sphere,440.7,2.31,2.11,0.354,111.9,0.001
Cube,310.8,3.18,2.056,0.506,68.7,0.0899
Cube,312.2,3.16,2.061,0.941,52.6,0.0794
Cube,342.6,2.69,2.061,0.876,78.5,0.1075
Cube,112.4,9.29,2.104,0.103,94.3,0.1487
Cube,459.8,2.17,2.075,0.393,111.7,0.0559
Sphere,226.8,4.37,2.12,0.553,135.0,0.1304
Sphere,210.1,5.52,1.986,0.503,69.6,0.0775
Cube,273.9,3.71,2.066,0.194,62.6,0.0835
Cube,52.1,18.48,2.055,0.859,146.3,0.1476
Sphere,108.2,9.05,2.09,0.677,60.8,0.1705
Sphere,376.9,2.81,2.078,0.838,97.8,0.001
Cube,68.9,14.59,2.132,0.859,108.6,0.1216
Sphere,313.5,2.96,2.026,0.748,104.1,0.001
Cube,145.3,7.2,2.102,0.439,58.6,0.0933
Sphere,213.0,4.54,2.122,0.611,55.7,0.0795
Cube,165.7,6.6,2.174,0.16,60.5,0.0878
Sphere,197.2,5.35,2.081,0.674,108.6,0.2128
Cube,368.0,2.66,2.113,0.179,104.4,0.0973
Sphere,169.6,6.27,2.028,0.694,73.4,0.1947
Sphere,296.2,3.39,2.004,0.23,113.8,0.003
Cube,253.7,4.11,2.134,0.118,132.0,0.2023
Sphere,341.9,3.0,2.1,0.165,54.2,0.001
Cube,470.3,2.04,2.147,0.002,99.8,0.0338
Sphere,374.3,2.59,2.045,0.719,118.9,0.001
Cube,131.0,8.03,2.121,0.732,75.2,0.103
Sphere,44.7,22.02,2.175,0.515,80.8,0.0298
Cube,153.3,6.39,2.117,0.161,111.4,0.1722
Sphere,309.7,3.07,2.111,0.084,139.8,0.0015
Cube,54.2,18.85,2.1,0.019,131.0,0.129
Sphere,263.3,4.19,2.037,0.166,108.3,0.0205
Cube,310.5,3.05,2.154,0.891,123.0,0.188
Cube,187.1,5.35,2.076,0.242,86.5,0.124
Cube,392.3,2.73,2.12,0.354,114.1,0.0945
Sphere,80.1,12.43,2.037,0.105,96.6,0.1274
Cube,65.3,15.66,2.053,0.222,69.0,0.0811
Sphere,372.2,2.54,2.157,0.519,120.2,0.001
Cube,262.9,3.89,2.086,0.608,105.6,0.1979
Sphere,353.5,2.8,2.158,0.245,85.9,0.001
Cube,234.4,4.48,2.097,0.058,141.1,0.241
Sphere,145.8,7.27,2.026,0.391,52.1,0.167
Sphere,415.0,2.72,2.136,0.234,81.6,0.001
Cube,405.7,2.54,2.076,0.22,55.7,0.0445
Sphere,356.5,2.85,2.128,0.96,126.7,0.001
Sphere,157.9,6.39,2.101,0.616,120.2,0.4675
Cube,307.4,3.2,2.038,0.557,83.1,0.1138
Sphere,199.7,5.09,2.107,0.416,117.6,0.2068
Sphere,73.0,13.49,2.188,0.429,89.6,0.0787
Sphere,461.1,2.19,2.12,0.541,125.6,0.001
Cube,94.3,11.3,2.098,0.696,95.4,0.1296
Sphere,476.6,1.99,2.143,0.702,91.2,0.001
Cube,239.6,4.41,2.108,0.172,143.5,0.2175
Sphere,117.0,9.11,2.108,0.5,75.1,0.2176
Sphere,284.7,3.49,2.056,0.412,62.0,0.0028
Sphere,440.3,2.03,2.109,0.871,108.5,0.001
Cube,374.1,2.59,2.141,0.631,146.9,0.1303
Sphere,409.1,2.6,2.067,0.533,87.8,0.001
Sphere,339.6,2.94,2.157,0.115,56.2,0.001
Cube,355.4,2.67,2.096,0.606,83.9,0.081
Sphere,429.1,2.27,2.064,0.117,100.6,0.001
Cube,147.3,7.07,2.14,0.337,66.2,0.1102
Cube,260.0,3.95,2.089,0.143,115.8,0.1649
Sphere,134.0,7.38,2.13,0.692,149.8,0.5503
Cube,494.2,1.99,2.088,0.206,95.2,0.0302
Sphere,473.7,2.07,2.098,0.392,85.5,0.001
Cube,48.5,19.66,2.12,0.896,90.1,0.0834
Cube,361.6,2.99,2.112,0.204,61.5,0.0701
Sphere,464.9,2.12,2.02,0.508,138.3,0.001
Cube,114.9,9.24,2.055,0.419,91.5,0.1052
Cube,296.9,3.62,2.137,0.018,88.7,0.1272
Cube,460.3,2.28,2.095,0.793,116.0,0.0652
Cube,46.0,21.29,2.079,0.069,94.2,0.1009
Cube,357.8,2.85,2.046,0.474,114.8,0.1072
Sphere,169.8,5.88,2.057,0.561,56.1,0.1863
Cube,464.5,2.06,2.019,0.628,131.4,0.0526
Sphere,486.4,2.09,2.096,0.689,144.1,0.001
Cube,473.8,1.99,2.076,0.253,114.9,0.0379
Sphere,252.9,4.19,2.061,0.01,145.5,0.034
Sphere,435.2,2.24,2.097,0.723,65.1,0.001
Cube,426.9,2.37,2.115,0.536,97.7,0.065
Cube,180.0,5.63,2.184,0.836,110.2,0.1646
Cube,419.6,2.35,2.04,0.821,108.2,0.081
Sphere,47.4,21.72,2.146,0.843,90.1,0.0481
Cube,310.2,3.15,2.139,0.485,83.8,0.1231
Sphere,138.1,7.56,2.069,0.334,62.7,0.2478
Sphere,86.7,10.76,2.108,0.792,89.2,0.17
Sphere,66.2,15.21,2.082,0.451,66.3,0.0548
Cube,357.3,3.07,2.107,0.183,123.4,0.1478
Cube,189.7,5.01,2.16,0.855,70.9,0.1141
Sphere,370.6,2.61,2.124,0.883,55.9,0.001
Sphere,60.7,16.89,2.12,0.466,105.2,0.0951
Cube,178.2,5.66,2.083,0.076,109.5,0.1764
Sphere,283.6,3.59,2.041,0.388,137.2,0.0065
Cube,401.6,2.55,2.092,0.804,107.7,0.0842
Sphere,179.8,5.74,2.148,0.902,84.5,0.2753
Cube,324.2,3.26,2.039,0.203,130.3,0.1531
Sphere,446.4,2.29,2.058,0.067,104.0,0.001
Cube,319.5,3.09,2.105,0.877,57.9,0.091
Sphere,139.5,7.41,2.061,0.389,106.6,0.39
Cube,41.5,26.41,2.068,0.542,140.8,0.1291
Cube,438.9,2.26,2.083,0.968,89.6,0.0557
Sphere,40.0,23.78,2.045,0.067,79.6,0.0232
Sphere,441.1,2.39,2.061,0.648,64.3,0.001
Cube,278.6,3.57,2.128,0.074,65.1,0.0993
Sphere,471.4,1.89,2.048,0.375,93.3,0.001
Cube,405.4,2.57,2.036,0.804,109.6,0.0953
Sphere,499.0,1.95,2.075,0.433,58.1,0.001
Cube,194.8,5.11,2.129,0.997,144.0,0.2426
Cube,390.6,2.6,2.092,0.559,125.5,0.1043
Cube,218.9,4.61,2.081,0.321,108.7,0.1629
Cube,255.5,4.05,2.102,0.22,132.8,0.2046
Cube,324.9,3.01,2.03,0.351,58.0,0.0783
Cube,440.6,2.33,2.12,0.373,97.7,0.0504
Sphere,492.5,2.0,2.115,0.069,113.0,0.001
Sphere,391.1,2.65,2.084,0.37,132.9,0.001
Sphere,226.4,4.55,2.14,0.464,128.3,0.1062
Cube,228.0,4.18,2.055,0.723,77.7,0.1145
Cube,376.7,2.8,2.145,0.657,144.1,0.1384
Cube,142.2,6.84,2.106,0.709,62.4,0.0977
Cube,81.9,12.7,2.087,0.008,137.5,0.1547
Sphere,196.7,5.18,2.099,0.218,147.1,0.2903
Sphere,165.0,6.62,2.096,0.662,67.7,0.2026
Cube,169.3,5.84,2.149,0.484,122.2,0.2148
Sphere,139.8,7.03,2.057,0.005,54.0,0.1745
Sphere,49.8,20.07,2.069,0.804,90.5,0.0499
Cube,38.4,25.65,2.141,0.773,101.6,0.0912
Sphere,494.2,2.1,2.076,0.548,108.1,0.001
Cube,231.1,3.98,2.136,0.066,143.6,0.2277
Sphere,210.6,4.5,2.168,0.767,117.2,0.1719
Cube,349.4,2.71,2.084,0.584,98.1,0.096
Cube,132.6,7.9,2.127,0.782,131.0,0.1918
Cube,476.5,2.28,2.054,0.752,145.1,0.0567
Cube,399.6,2.49,2.13,0.803,52.2,0.0463
Sphere,72.0,13.77,2.108,0.518,148.3,0.192
Cube,226.3,4.44,2.119,0.14,58.6,0.0866
Cube,443.2,2.39,2.074,0.671,131.4,0.0718
Cube,474.0,2.01,2.034,0.62,78.0,0.0288
Sphere,249.7,4.05,2.12,0.742,63.2,0.021
Cube,318.3,3.29,2.017,0.17,94.0,0.1052
Sphere,108.5,9.45,2.087,0.195,114.4,0.3143
Cube,495.8,2.04,2.138,0.89,88.1,0.0261
Sphere,138.9,7.56,2.108,0.75,55.5,0.2155
Sphere,473.1,1.83,2.178,0.908,109.9,0.001
Cube,335.3,3.08,2.141,0.759,140.2,0.1711
Sphere,315.6,3.06,2.074,0.597,88.3,0.001
Cube,271.0,3.35,2.101,0.654,71.6,0.1389
Cube,138.4,7.41,2.098,0.889,94.3,0.1491
Cube,113.0,9.46,2.037,0.579,54.8,0.0561
Sphere,133.6,7.43,2.062,0.632,132.0,0.3706
Sphere,117.6,8.91,2.078,0.156,132.6,0.3796
Cube,396.4,2.73,2.019,0.474,108.8,0.0881
Cube,194.6,5.48,2.102,0.716,85.3,0.1574
Sphere,57.2,18.92,2.09,0.271,130.0,0.0878
Cube,485.5,2.14,2.033,0.202,105.5,0.0372
Cube,445.4,2.25,2.116,0.314,132.6,0.0666
Cube,466.0,1.97,2.129,0.242,113.1,0.0516
Sphere,497.6,1.98,2.109,0.215,128.4,0.001
Sphere,111.7,8.57,2.087,0.425,109.9,0.2792
Sphere,216.2,5.13,2.124,0.908,91.4,0.0972
Cube,386.4,2.57,2.127,0.507,145.8,0.129
Cube,357.1,2.82,2.112,0.188,104.1,0.1092
Cube,102.3,10.04,2.067,0.077,110.5,0.133
Sphere,413.4,2.42,2.111,0.696,72.0,0.001
Cube,135.5,8.01,2.148,0.383,112.6,0.1452
Cube,135.2,7.17,2.076,0.822,107.2,0.1658
Cube,282.4,3.58,2.184,0.66,68.5,0.084
Cube,308.7,3.12,2.079,0.796,56.0,0.0953
Sphere,302.6,3.09,2.101,0.272,110.4,0.0018
Sphere,73.0,13.28,2.073,0.692,126.4,0.1464
Cube,442.4,2.26,2.109,0.264,102.3,0.0644
Sphere,154.8,6.32,2.03,0.939,72.7,0.2245
Sphere,90.9,10.62,2.078,0.636,116.7,0.2028
Cube,447.7,2.08,2.056,0.325,58.0,0.0262
Cube,479.2,2.08,2.105,0.27,94.2,0.0345
Sphere,435.2,2.12,2.14,0.191,66.3,0.001
Cube,410.5,2.53,2.126,0.695,68.4,0.0572
Sphere,338.0,2.97,2.005,0.219,70.2,0.001
Cube,288.9,3.21,2.182,0.595,88.7,0.0967
Sphere,70.9,13.89,2.112,0.265,55.1,0.0622
Cube,222.0,4.34,2.069,0.662,89.8,0.1484
Sphere,205.2,4.95,2.106,0.815,101.2,0.1672
Sphere,152.1,7.02,2.107,0.778,98.3,0.3446
Sphere,370.0,2.45,2.073,0.761,88.3,0.001
Cube,263.1,3.82,2.108,0.188,133.9,0.2425
Sphere,68.1,14.57,2.076,0.088,64.5,0.0653
Sphere,133.5,7.74,2.084,0.699,100.6,0.3638
Cube,351.1,2.88,2.073,0.368,56.2,0.0714
Cube,65.8,14.63,2.043,0.432,57.1,0.0485
Sphere,430.1,2.29,2.106,0.031,107.4,0.001
Sphere,262.7,3.65,2.123,0.26,106.6,0.0148
Cube,255.9,4.12,2.121,0.034,137.8,0.1943
Cube,308.4,3.25,2.133,0.879,105.8,0.162
Cube,417.6,2.62,2.113,0.243,146.0,0.1002
Cube,193.5,5.15,2.079,0.557,54.9,0.0955
Cube,348.7,2.77,2.134,0.039,59.8,0.0545
Sphere,295.9,3.12,2.046,0.667,54.4,0.0016
Cube,155.5,5.85,2.064,0.323,68.5,0.1064
Sphere,443.0,2.08,2.061,0.898,104.1,0.001
Sphere,404.8,2.5,2.143,0.888,114.6,0.001
Sphere,339.5,3.02,2.138,0.325,54.6,0.001
Cube,429.8,2.14,2.119,0.901,144.6,0.0871
Sphere,437.6,2.39,2.143,0.996,134.2,0.001
Sphere,362.9,2.69,2.065,0.825,79.7,0.001
Cube,423.4,2.38,2.114,0.845,57.7,0.0419
Sphere,357.8,3.02,2.095,0.249,67.0,0.001
Sphere,349.7,2.99,2.134,0.577,62.7,0.001
Cube,320.7,3.08,2.095,0.067,62.3,0.0661
Sphere,383.8,2.49,2.085,0.095,101.9,0.001
Sphere,104.5,8.54,2.122,0.999,74.6,0.2007
Sphere,444.0,2.17,2.135,0.327,85.8,0.001
Cube,439.8,2.25,2.073,0.748,149.0,0.085
Cube,43.7,21.73,2.098,0.807,118.4,0.1083
Cube,418.1,2.38,2.058,0.858,144.9,0.0986
Sphere,90.6,11.08,2.0,0.998,64.3,0.1239
Sphere,187.5,5.27,2.108,0.241,88.2,0.1909
Cube,379.4,2.55,2.124,0.04,105.5,0.0985
Sphere,105.6,9.55,2.11,0.411,57.7,0.1406
Sphere,414.4,2.47,2.022,0.13,50.4,0.001
Cube,421.1,2.25,2.086,0.022,117.0,0.0696
Cube,268.5,3.99,2.011,0.36,114.2,0.1407
Sphere,33.0,30.15,2.155,0.784,91.1,0.0227
Sphere,164.9,6.07,2.057,0.566,99.0,0.2834
Sphere,320.0,3.24,2.15,0.313,91.5,0.001
Cube,491.2,2.06,2.138,0.654,52.4,0.0175
Cube,327.0,3.2,2.064,0.232,83.5,0.1011
Cube,152.1,6.67,2.055,0.014,67.7,0.101
Cube,328.0,2.96,2.114,0.764,59.8,0.0901
Sphere,283.8,3.59,2.066,0.624,145.7,0.0086
Cube,396.5,2.38,2.104,0.762,109.9,0.0904
Cube,80.3,12.52,2.081,0.039,122.9,0.1072
Cube,387.7,2.58,2.029,0.837,81.5,0.0678
Cube,284.4,3.48,2.011,0.62,89.3,0.1175
Cube,482.6,2.06,2.109,0.563,73.7,0.0278
Sphere,190.7,4.75,2.078,0.625,59.7,0.1348
Sphere,327.3,2.97,2.078,0.864,67.9,0.001
Cube,468.1,2.15,2.128,0.587,129.8,0.0532
Sphere,78.2,12.89,2.147,0.581,117.8,0.1594
Cube,470.5,2.02,2.089,0.991,104.7,0.054
Cube,353.3,3.01,2.086,0.757,97.5,0.1206
Sphere,61.9,15.46,2.12,0.442,142.2,0.1146
Sphere,171.5,6.12,2.046,0.707,57.3,0.1654
Cube,362.8,2.81,2.109,0.389,78.1,0.0773
Cube,61.7,15.7,2.122,0.229,85.0,0.0761
Cube,303.6,3.59,2.127,0.597,128.2,0.1782
Sphere,192.6,4.88,2.023,0.928,149.3,0.3495
Cube,321.8,3.25,2.07,0.929,74.1,0.1041
Cube,51.5,20.39,2.065,0.342,137.4,0.1096
Cube,439.6,2.2,2.104,0.528,133.1,0.0918
Sphere,487.5,2.19,2.119,0.212,72.5,0.001
Cube,485.4,2.03,2.16,0.996,89.9,0.0285
Cube,382.3,2.65,2.08,0.981,91.0,0.089
Sphere,91.1,11.11,2.08,0.65,147.8,0.2956
Cube,386.4,2.57,2.146,0.804,68.1,0.0748
Cube,41.6,25.04,2.112,0.715,129.9,0.1077
Sphere,40.4,25.74,2.151,0.593,83.4,0.0312
Cube,182.1,5.01,2.112,0.053,123.1,0.2169
Sphere,259.7,4.1,2.054,0.455,92.0,0.018
Sphere,392.1,2.34,2.047,0.675,107.8,0.001
Cube,351.1,2.99,2.038,0.678,133.3,0.1348
Cube,239.6,4.41,2.126,0.373,130.4,0.2106
Cube,158.6,5.96,2.148,0.942,136.6,0.2289
Cube,498.6,1.96,2.174,0.167,56.0,0.0157
Sphere,230.3,4.1,2.134,0.5,119.2,0.099
Cube,242.2,4.09,2.147,0.691,64.0,0.1008
Sphere,106.9,9.21,2.077,0.697,91.6,0.1995
Cube,403.6,2.57,2.054,0.649,104.9,0.0837
Cube,356.0,2.99,2.134,0.275,90.3,0.0987
Cube,133.8,8.0,2.117,0.156,102.0,0.1459
Sphere,68.7,14.14,2.104,0.636,149.7,0.1541
Cube,349.8,2.83,2.115,0.599,63.5,0.0763
Cube,337.6,2.71,2.113,0.179,117.5,0.1591
Cube,158.4,6.06,2.151,0.705,89.6,0.1492
Cube,476.9,2.2,2.152,0.455,63.3,0.0229
Sphere,101.0,10.7,2.122,0.668,65.9,0.1524
Cube,233.2,4.02,2.134,0.837,144.9,0.2549
Sphere,473.5,2.05,2.121,0.17,138.0,0.001
Sphere,227.3,4.39,2.082,0.019,140.7,0.1064
Sphere,330.1,3.07,2.13,0.779,149.2,0.001
Sphere,216.9,4.42,2.044,0.61,70.8,0.0783
Sphere,158.9,6.43,2.142,0.7,85.5,0.3306
Sphere,492.5,1.98,2.052,0.838,116.9,0.001
Cube,222.4,4.49,2.111,0.803,98.4,0.1868
Sphere,450.2,2.28,2.066,0.961,91.8,0.001
Sphere,138.1,7.24,2.122,0.536,85.8,0.3063
Sphere,130.2,7.52,2.099,0.488,109.4,0.2853
Cube,44.6,22.28,2.036,0.402,107.6,0.0981
Cube,336.3,2.96,2.117,0.154,66.1,0.0788
Sphere,203.2,4.83,2.077,0.573,97.2,0.1778
Cube,436.2,2.26,2.135,0.277,105.3,0.0555
Sphere,252.4,4.28,2.1,0.921,107.0,0.034
Sphere,485.1,2.12,2.116,0.583,71.0,0.001
Cube,117.2,8.41,2.062,0.593,124.2,0.1909
Sphere,438.3,2.36,2.076,0.355,52.5,0.001
Cube,395.0,2.49,2.082,0.052,85.5,0.0813
Cube,392.3,2.7,2.134,0.032,128.0,0.1055
Sphere,427.0,2.38,2.167,0.423,106.4,0.001
Sphere,387.7,2.57,2.068,0.085,76.1,0.001
Cube,324.3,3.15,2.143,0.607,119.5,0.148
Sphere,91.7,10.05,2.013,0.881,106.7,0.155
Sphere,45.3,20.84,2.052,0.883,129.6,0.067
Sphere,462.8,2.03,2.062,0.659,123.5,0.001
Cube,319.8,3.15,2.046,0.211,111.0,0.1446
Cube,404.4,2.69,2.037,0.863,98.8,0.0804
Sphere,256.3,4.34,2.117,0.886,63.3,0.0149
Cube,85.1,12.12,2.091,0.197,76.1,0.0819
Cube,88.8,11.54,2.115,0.737,91.9,0.1266
Cube,352.2,2.58,2.128,0.287,109.9,0.1078
Cube,232.2,4.19,2.111,0.803,101.4,0.1369
Cube,124.2,7.73,2.126,0.997,78.8,0.12
Sphere,261.0,3.71,2.097,0.03,50.6,0.0093
Sphere,60.2,16.48,2.053,0.897,99.6,0.0811
Sphere,303.5,3.22,2.142,0.623,78.6,0.0014
Cube,156.4,5.76,2.076,0.973,123.5,0.2266
Cube,404.9,2.56,2.063,0.465,52.4,0.0416
Sphere,175.9,5.38,2.093,0.847,108.5,0.3787
Cube,244.0,4.15,2.063,0.062,144.1,0.1871
Sphere,35.5,31.12,2.083,0.335,67.4,0.019
Sphere,64.1,14.9,2.114,0.067,97.2,0.0843
Sphere,214.5,4.07,2.114,0.975,59.1,0.0721
Cube,255.6,3.86,2.064,0.817,112.6,0.1655
Cube,312.0,3.38,2.08,0.853,105.1,0.1452
Sphere,167.1,6.57,2.143,0.938,90.7,0.2883
Sphere,356.6,2.63,2.12,0.085,102.1,0.001
Sphere,434.3,2.36,2.183,0.386,139.7,0.001
Sphere,396.5,2.46,2.147,0.071,69.6,0.001
Cube,48.6,20.46,2.146,0.211,52.3,0.0426
Cube,255.8,4.43,2.044,0.229,136.2,0.2289
Sphere,79.3,11.66,2.131,0.469,107.7,0.1515
Sphere,143.8,7.04,2.098,0.269,139.1,0.4704
Cube,493.7,2.07,2.078,0.101,109.7,0.0324
Cube,97.0,10.87,2.107,0.167,131.0,0.1772
Sphere,264.5,3.8,2.138,0.147,93.0,0.0135
Sphere,320.5,3.17,2.12,0.973,125.0,0.001
Sphere,360.2,2.72,2.065,0.759,141.3,0.001
Cube,293.0,3.46,2.13,0.968,107.2,0.1713
Cube,34.6,28.41,2.074,0.44,68.1,0.0711
Cube,183.4,5.62,2.109,0.278,76.9,0.1114
Sphere,273.3,3.59,2.088,0.798,69.9,0.0076
Sphere,71.3,14.29,2.091,0.326,74.7,0.0715
Cube,194.8,5.13,2.131,0.299,80.6,0.1436
Cube,45.6,23.16,2.058,0.233,105.5,0.1059
Sphere,66.9,14.9,2.178,0.13,108.8,0.1055
Cube,216.6,4.21,2.027,0.256,92.6,0.158
Cube,92.4,11.51,2.076,0.355,111.5,0.1315
Sphere,296.7,3.22,2.115,0.674,58.2,0.0015
Cube,354.0,2.73,2.123,0.063,58.8,0.051
Sphere,406.3,2.39,2.096,0.211,67.2,0.001
Sphere,124.1,8.61,2.098,0.809,101.8,0.3688
Sphere,108.7,8.22,2.116,0.147,71.4,0.1719
Sphere,79.1,14.62,2.091,0.343,78.3,0.1227
Sphere,329.1,3.2,2.156,0.865,90.0,0.001
Sphere,362.0,2.79,2.134,0.155,131.2,0.001
Sphere,44.8,22.24,2.135,0.083,51.4,0.0194
Cube,470.0,2.16,2.061,0.485,114.9,0.0508
Sphere,54.4,18.85,2.097,0.302,116.9,0.07
Sphere,284.4,3.63,2.088,0.563,129.9,0.0064
Cube,363.3,2.83,2.06,0.804,143.3,0.1601
Cube,439.4,2.29,2.114,0.137,52.0,0.0313
Cube,365.6,2.71,2.078,0.581,65.4,0.0697
Sphere,406.8,2.44,2.126,0.506,138.6,0.001
Cube,189.5,5.22,2.057,0.144,95.9,0.1329
Sphere,413.0,2.56,2.169,0.624,106.5,0.001
Sphere,67.7,15.22,2.064,0.274,116.3,0.1029
Sphere,450.6,1.89,2.109,0.488,117.9,0.001
Sphere,287.4,3.59,2.132,0.082,143.2,0.0062
Cube,414.1,2.44,2.077,0.46,149.7,0.1161
Cube,242.6,4.12,2.134,0.306,122.0,0.218
Sphere,332.5,2.95,2.051,0.822,78.7,0.001
Sphere,277.4,3.81,2.158,0.057,138.0,0.0106
Sphere,373.8,2.8,2.101,0.419,54.9,0.001
Cube,68.4,14.06,2.076,0.458,73.1,0.0779
Sphere,58.4,17.48,2.088,0.725,139.7,0.0996
Sphere,146.1,6.51,2.132,0.574,75.6,0.2619
Cube,105.0,8.87,2.077,0.667,72.1,0.0941
Cube,439.7,2.2,2.07,0.777,63.8,0.0348
Sphere,133.0,7.84,2.091,0.862,135.9,0.406
Cube,488.7,2.14,2.053,0.314,100.0,0.03
Cube,188.3,5.45,2.173,0.538,117.5,0.1887
Sphere,115.6,8.96,2.077,0.84,73.9,0.2015
Cube,401.2,2.56,2.133,0.989,125.8,0.1107
Sphere,339.6,2.85,2.108,0.89,126.0,0.001
Cube,264.2,3.87,2.061,0.371,81.3,0.1402
Sphere,291.0,3.57,2.1,0.195,91.1,0.0038
Sphere,368.0,2.82,2.131,0.489,71.0,0.001
Sphere,137.4,7.71,2.092,0.742,147.7,0.611
Cube,498.3,2.08,2.148,0.493,114.6,0.0315
Sphere,488.2,2.08,2.141,0.483,143.5,0.001
Cube,335.7,3.14,2.137,0.838,80.3,0.0767
Sphere,123.8,8.07,2.082,0.361,128.2,0.4544
Sphere,349.7,2.73,2.057,0.86,126.6,0.001
Cube,63.9,15.51,2.075,0.407,119.2,0.1154
Sphere,44.4,21.68,2.108,0.328,146.6,0.0574
Sphere,151.1,6.39,2.122,0.454,89.4,0.2903
Cube,247.4,4.01,2.013,0.762,63.1,0.1028
Sphere,438.1,2.19,2.1,0.126,117.2,0.001
Sphere,371.8,2.65,2.106,0.196,122.9,0.001
Sphere,379.1,2.39,2.089,0.951,107.5,0.001
Sphere,230.0,4.39,2.152,0.175,70.7,0.0478
Cube,192.6,5.19,2.117,0.568,100.4,0.1749
Cube,204.4,4.69,2.152,0.579,81.2,0.1423
Sphere,494.2,2.09,2.091,0.49,92.7,0.001
Cube,48.9,21.43,2.137,0.645,114.5,0.108
Sphere,437.5,2.1,2.165,0.23,124.5,0.001
Cube,302.0,3.19,2.152,0.553,73.2,0.1142
Sphere,236.1,4.07,2.056,0.372,90.5,0.0547
Sphere,370.9,2.57,2.09,0.662,76.9,0.001
Sphere,258.7,4.03,2.086,0.141,69.9,0.0129
Sphere,440.5,2.25,2.12,0.571,128.3,0.001
Sphere,453.3,2.18,2.127,0.185,140.9,0.001
Sphere,228.2,3.94,2.066,0.279,87.0,0.0677
Cube,160.1,6.44,2.103,0.219,125.1,0.2046
Sphere,308.4,3.04,2.019,0.183,139.7,0.0017
Cube,458.8,2.19,2.158,0.826,134.6,0.0719
Sphere,129.0,7.86,2.08,0.286,68.3,0.2242
Cube,322.8,3.31,2.102,0.927,145.6,0.2005
Cube,326.8,2.86,2.088,0.97,87.7,0.0934
Cube,374.6,2.27,2.146,0.571,83.9,0.0809
Sphere,91.8,10.99,1.986,0.143,56.2,0.0808
Sphere,366.4,2.97,2.099,0.375,98.6,0.001
Cube,457.2,2.32,2.096,0.798,60.9,0.0309
Sphere,114.5,8.83,2.082,0.367,74.9,0.2074
Cube,141.6,6.89,2.169,0.087,81.7,0.0886
Sphere,486.6,2.14,2.065,0.557,130.9,0.001
Cube,115.1,8.27,2.131,0.845,137.5,0.2098
Cube,431.6,2.37,2.114,0.796,80.2,0.0622
Sphere,261.4,3.92,2.15,0.175,135.9,0.0244
Cube,146.2,7.2,2.073,0.673,135.7,0.2227
Sphere,439.3,2.59,2.071,0.221,126.5,0.001
Cube,239.3,4.26,2.144,0.218,64.7,0.0934
Cube,272.0,3.58,2.117,0.874,119.0,0.2115
Sphere,198.8,5.02,2.038,0.25,144.5,0.2333
Sphere,308.7,2.95,2.078,0.263,118.3,0.0014
Sphere,106.9,9.03,2.115,0.001,83.2,0.2017
Cube,213.8,4.58,2.134,0.871,100.1,0.1868
Sphere,485.6,2.01,2.073,0.793,114.6,0.001
Cube,151.3,6.66,1.983,0.627,101.1,0.1393
Cube,338.7,2.83,2.121,0.75,62.0,0.0968
Sphere,182.8,5.78,2.051,0.152,81.2,0.1748
Sphere,393.5,2.54,2.019,0.458,130.2,0.001
Cube,91.5,10.92,1.987,0.351,136.1,0.1357
Cube,485.8,2.02,2.133,0.094,63.7,0.0223
Sphere,243.3,4.14,2.105,0.486,145.2,0.0626
Sphere,140.9,7.39,2.091,0.921,82.9,0.2289
Sphere,64.5,14.82,2.156,0.04,116.2,0.1043
Sphere,109.8,8.81,2.125,0.291,125.2,0.3543
Sphere,274.3,3.59,2.165,0.208,131.2,0.0098
Cube,188.4,4.95,2.044,0.238,144.6,0.2096
Cube,419.6,2.29,2.099,0.908,81.3,0.0709
Cube,232.5,4.2,2.035,0.468,135.9,0.2487
Cube,146.9,7.11,2.091,0.466,63.2,0.107
Sphere,320.1,3.17,2.09,0.761,120.5,0.001
Sphere,362.2,2.79,2.125,0.154,124.2,0.001
Sphere,108.5,9.61,2.102,0.487,117.8,0.3139
Cube,108.8,9.13,2.125,0.43,75.2,0.1106
Cube,47.2,21.58,2.128,0.597,137.3,0.1181
Sphere,376.1,2.65,2.186,1.0,66.9,0.001
Sphere,342.0,2.96,2.087,0.769,55.4,0.001
Cube,253.1,3.84,2.062,0.398,121.7,0.195
Cube,426.8,2.06,2.11,0.828,97.5,0.0773
Sphere,408.7,2.43,2.068,0.171,134.9,0.001
Sphere,305.1,3.51,2.159,0.03,88.3,0.0012
Cube,438.1,2.39,2.089,0.204,66.8,0.0339
Sphere,126.7,8.27,2.077,0.34,133.6,0.4317
Sphere,82.6,12.85,2.081,0.511,104.9,0.1396
Sphere,156.8,6.41,2.129,0.615,68.9,0.2308
Cube,56.8,17.77,2.094,0.911,122.0,0.1126
Cube,279.6,3.47,2.074,0.51,101.1,0.1694
Cube,470.2,2.09,2.167,0.501,110.4,0.047
Cube,48.5,21.26,2.066,0.05,96.1,0.0678
Cube,87.4,12.13,2.101,0.035,132.9,0.1671
Cube,242.5,4.09,2.126,0.551,133.0,0.2822
Cube,468.9,2.08,2.035,0.438,120.9,0.0485
Sphere,178.6,5.6,2.119,0.839,60.5,0.1691
Sphere,268.4,3.84,2.058,0.161,133.9,0.0219
Sphere,49.5,18.73,2.133,0.025,117.1,0.047
Sphere,99.7,8.88,2.061,0.449,119.7,0.2699
Sphere,493.7,1.97,2.128,0.237,86.3,0.001
Sphere,483.6,1.94,2.144,0.05,137.9,0.001
Sphere,32.3,30.15,2.134,0.725,122.5,0.0311
Cube,477.4,2.08,2.11,0.112,61.3,0.0212
Cube,330.4,2.96,2.091,0.608,90.8,0.1086
Sphere,437.9,2.45,2.077,0.281,138.6,0.001
Sphere,243.7,4.17,2.159,0.173,54.7,0.0197
Cube,272.3,3.73,2.072,0.38,146.1,0.2286
Sphere,259.8,3.97,2.059,0.801,117.9,0.0248
Sphere,343.4,2.75,2.127,0.392,113.1,0.001
Cube,95.6,11.0,2.068,0.751,77.1,0.1131
Sphere,44.1,22.6,2.062,0.125,74.9,0.0266
Cube,174.7,5.92,2.042,0.773,144.2,0.2092
Sphere,361.2,2.62,2.081,0.237,79.8,0.001
Cube,124.9,7.39,2.097,0.677,127.6,0.1918
Cube,346.5,3.0,2.11,0.566,89.3,0.0888
Cube,485.9,2.1,2.138,0.929,63.9,0.0248
Sphere,74.1,12.88,2.121,0.387,51.1,0.0548
Cube,346.1,2.76,2.092,0.066,104.4,0.1344
Sphere,238.6,4.43,2.092,0.019,147.6,0.0787
Sphere,438.0,2.15,2.12,0.827,86.9,0.001
Sphere,113.3,9.55,2.151,0.525,85.7,0.2222
Sphere,355.5,2.69,2.105,0.775,84.4,0.001
Cube,423.9,2.43,2.081,0.234,102.1,0.0693
Cube,474.0,2.08,2.06,0.345,94.1,0.0363
Sphere,351.1,2.93,2.042,0.03,138.0,0.001
Sphere,263.7,3.69,2.127,0.961,100.6,0.0193
Cube,320.4,3.1,2.123,0.668,100.8,0.1318
Sphere,438.4,2.29,2.123,0.933,63.8,0.001
Cube,298.2,3.19,2.095,0.265,148.3,0.1673
Sphere,44.3,23.42,2.156,0.611,75.0,0.033
Sphere,467.5,2.08,2.081,0.678,57.3,0.001
Cube,354.1,2.79,2.138,0.318,116.3,0.1157
Sphere,348.0,2.73,2.098,0.848,109.5,0.001
Cube,131.4,6.64,2.076,0.947,91.5,0.1467
Sphere,339.7,2.92,2.124,0.885,92.2,0.001
Sphere,215.1,5.21,2.116,0.739,128.5,0.1827
Sphere,336.1,3.09,2.114,0.277,69.6,0.001
Cube,80.1,12.47,2.103,0.282,132.0,0.1532
Sphere,339.2,2.91,2.098,0.963,114.9,0.001
Sphere,499.7,2.0,2.196,0.01,91.9,0.001
Sphere,52.7,19.51,2.147,0.716,95.8,0.0546
Sphere,489.3,1.92,2.129,0.706,75.7,0.001
Cube,221.2,4.77,2.104,0.623,125.2,0.1788
Cube,439.3,2.36,2.14,0.99,101.3,0.0603
Sphere,397.7,2.6,2.121,0.312,82.1,0.001
Cube,296.5,3.45,2.101,0.34,109.6,0.1472
Sphere,377.1,2.65,2.088,0.079,149.6,0.001
Sphere,442.9,2.33,2.097,0.443,93.5,0.001
Sphere,219.9,4.68,1.973,0.261,142.1,0.0983
Cube,183.7,5.35,2.108,0.343,84.5,0.108
Cube,343.8,2.83,2.08,0.835,55.5,0.0692
Cube,409.7,2.45,2.164,0.935,70.4,0.0553
Cube,388.3,2.77,2.101,0.186,91.9,0.0781
Cube,405.0,2.32,2.052,0.373,72.0,0.0532
Cube,234.7,3.95,2.098,0.929,50.0,0.0928
Cube,414.4,2.43,2.058,0.062,141.5,0.1027
Cube,86.5,11.59,2.119,0.092,134.4,0.1464
Cube,285.9,3.53,2.112,0.163,124.2,0.1702
Sphere,32.7,30.95,2.138,0.595,66.8,0.0158
Cube,182.6,5.42,2.068,0.15,62.0,0.1021
Cube,202.2,5.31,2.101,0.968,56.8,0.1209
Cube,216.2,4.26,2.045,0.447,122.4,0.1874
Cube,356.9,2.69,2.128,0.502,142.9,0.1599
Cube,212.6,4.68,2.121,0.247,93.1,0.1574
Cube,240.9,3.81,2.12,0.471,61.9,0.0939
Cube,141.6,7.0,2.1,0.662,101.2,0.1604
Cube,205.4,5.27,2.117,0.751,84.9,0.13
Cube,136.8,7.32,2.164,0.754,87.5,0.1068
Cube,64.4,15.71,2.089,0.578,112.1,0.1242
Cube,313.6,2.99,2.106,0.904,121.9,0.1764
Sphere,344.1,2.82,2.057,0.817,61.1,0.001
Sphere,321.2,3.06,2.065,0.757,53.6,0.001
Cube,247.8,3.97,2.104,0.056,149.4,0.2092
Cube,208.5,5.1,2.144,0.007,73.3,0.1112
Sphere,435.8,2.36,2.09,0.212,55.4,0.001
